DROP TABLE IF EXISTS DOCTOR;

CREATE TABLE DOCTOR (
DOC_ID INT NOT NULL UNIQUE ,
F_NAME CHAR(30) NOT NULL,
L_NAME CHAR(30) NOT NULL,
DEPARTMENT VARCHAR(30) NOT NULL,
CONTACT  VARCHAR(20) NOT NULL,
EXPERIENCE INTEGER (9) NOT NULL,
CONSTRAINT doc_pkey PRIMARY KEY (DOC_ID)
);

INSERT INTO DOCTOR
(DOC_ID, F_NAME, L_NAME, DEPARTMENT, CONTACT,  EXPERIENCE)
values ('1101', 'SAM', 'HENRY', 'CARDIOLOGY', '877-609-2233', 10),
('1100', 'MARK', 'TWAIN', 'CARDIOLOGY', '877-638-2234', 30),
 ('1102', 'CHARLES', 'DICKENS', 'OPTHAMOLOGY', '877-609-2245', 35),
('1104', 'ROWLING', 'JK', 'ONCOLOGY', '877-611-2223', 10),
('1106', 'HENRY', 'OO', 'CARDIOLOGY', '897-609-2443', 11),
('1107', 'WILLIAM', 'SHAKESPEARE', 'ONCOLOGY', '877-678-2203', 12),
('1199', 'SIDNEY', 'SHELDON', 'OPTHAMOLOGY', '857-719-2234', 25),
('1103', 'JEFFREY', 'ARCHER', 'CARDIOLOGY', '867-929-2783', 12),
('1112', 'WILLIAM', 'WORDSWORTH', 'ONCOLOGY', '887-611-2230', 21),
('1111', 'ROBERT', 'FROST', 'OPTHAMOLOGY', '887-699-2236', 11),
('1114', 'JOHN', 'MILTON', 'CARDIOLOGY', '877-689-2238', 19),
('1115', 'SHELLEY', 'PB', 'OPTHAMOLOGY', '867-679-2273', 10),
('1116',	'BOB',	'DARWIN'	,'CARDIOLOGY'	,'877-609-2233',	'10'      ),
('1117',	'HENRY',	'GUILY'	,'CARDIOLOGY'	,'877-609-2234',	'11'      ),
('1118',	'STEPHEN',	'GRAN','CARDIOLOGY'	,'877-609-2235',	'12'      ),
('1119',	'STELLA',	'RONNY'	,'CARDIOLOGY'	,'877-609-2236',	'13'      ),
('1120',	'RON',	'WARNER'	,'CARDIOLOGY'	,'877-609-2237',	'14'      ),
('1121',	'STEVE',	'JOBS'	,'CARDIOLOGY'	,'877-609-2238',	'15'      ),
('1122',	'WARNER',	'BROS'	,'CARDIOLOGY',	'877-609-2239',	'16'      ),
('1123',	'JAMES',	'CAM'	,'CARDIOLOGY',	'877-609-2240',	'17'        ),
('1124',	'JOHN',	'HEADS'	,'CARDIOLOGY',	'877-609-2241',	'18'        ),
('1125',	'HARRY',	'POTTER'	,'CARDIOLOGY'	,'877-609-2242',	'19'    ),
('1126',	'DENIS',	'JACKY'	,'CARDIOLOGY'	,'877-609-2243',	'20'      ),
('1127',	'PENNY',	'GRAMMY'	,'CARDIOLOGY'	,'877-609-2244',	'21'    ),
('1128',	'MEGHAN',	'HAR','CARDIOLOGY'	,'877-609-2245',	'22'          ),
('1129',	'POTTER',	'CHARLES'	,'CARDIOLOGY','877-609-2246',	'23'        ),
('1130',	'DARWIN',	'TOM'	,'CARDIOLOGY'	,'877-609-2247',	'24'        ),
('1131',	'GUILY',	'YARN'	,'ONCOLOGY'	,'877-609-2248',	'25'        ),
('1132',	'GRAND',	'HUMP'	,'ONCOLOGY'	,'877-609-2249',	'26'        ),
('1133',	'RONNY',	'QWE'	,'ONCOLOGY'	,'877-609-2250',	'27'          ),
('1134',	'WARNER',	'TRAM'	,'ONCOLOGY'	,'877-609-2251',	'28'        ),
('1135',	'JOBS',	'HAG'	,'ONCOLOGY'	,'877-609-2252',	'29'            ),
('1136',	'BROS',	'RENAK'	,'ONCOLOGY'	,'877-609-2253',	'30'          ),
('1137',	'CAM',	'OUHN'	,'ONCOLOGY'	,'877-609-2254',	'31'          ),
('1138',	'HEADS',	'DSGDB'	,'ONCOLOGY'	,'877-609-2255',	'32'        ),
('1139',	'POTTER',	'HAG'	,'ONCOLOGY'	,'877-609-2256',	'33'          ),
('1140',	'JACKY',	'ION'	,'ONCOLOGY'	,'877-609-2257',	'34'          ),
('1141',	'GRAMMY',	'DARWIN'	,'ONCOLOGY'	,'877-609-2258',	'35'      ),
('1142',	'HAR',	'DAMN'	,'ONCOLOGY'	,'877-609-2259',	'36'          ),
('1143',	'CHARLES',	'BOBAGE'	,'OPTHAMOLOGY'	,'877-609-2260','37'    ),
('1144',	'TOM',	'QWERTY'	,'OPTHAMOLOGY'	,'877-609-2261',	'38'      ),
('1145',	'YARN',	'ANNA'	,'OPTHAMOLOGY'	,'877-609-2262',	'39'        ),
('1146',	'HUMP',	'TERRY'	,'OPTHAMOLOGY'	,'877-609-2263',	'40'        ),
('1147',	'QWE',	'BOB'	,'OPTHAMOLOGY'	,'877-609-2264',	'41'          ),
('1148',	'TRAM',	'HENRY'	,'OPTHAMOLOGY'	,'877-609-2265',	'42'        ),
('1149',	'HAG',	'STEPHEN'	,'OPTHAMOLOGY'	,'877-609-2266',	'43'      ),
('1150',	'RENAK',	'STELLA'	,'OPTHAMOLOGY'	,'877-609-2267',	'44'    ),
('1151',	'OUHN',	'RON'	,'OPTHAMOLOGY'	,'877-609-2268',	'45'          ),
('1152',	'DSGDB',	'STEVE'	,'OPTHAMOLOGY'	,'877-609-2269',	'46'      ),
('1153',	'HAG',	'WARNER'	,'OPTHAMOLOGY'	,'877-609-2270',	'47'      ),
('1154',	'ION',	'JAMES'	,'OPTHAMOLOGY'	,'877-609-2271',	'48'        ),
('1155',	'DARWIN',	'JOHN'	,'OPTHAMOLOGY'	,'877-609-2272',	'49'      ),
('1156',	'DAMN',	'HARRY'	,'OPTHAMOLOGY'	,'877-609-2273',	'50'        ),
('1157',	'BOBAGE','DENIS'	,'OPTHAMOLOGY'	,'877-609-2274',	'51'      ),
('1158',	'QWERTY','PENNY'	,'OPTHAMOLOGY'	,'877-609-2275',	'52'      ),
('1159',	'ANNA',	'MEGHAN'	,'OPTHAMOLOGY'	,'877-609-2276',	'53'      ),
('1160',	'TERRY',	'DARWIN'	,'ONCOLOGY'	,'877-609-2277',	'54'      ),
('1161',	'JOHNNATHAN',	'GUILY'	,'ONCOLOGY'	,'877-609-2278',	'55'    ),
('1162',	'RENNY'	,'GRAND'	,'ONCOLOGY'	,'877-609-2279',	'56'        ),
('1163',	'JOHNNY'	,'RONNY'	,'ONCOLOGY'	,'877-609-2280',	'57'      ),
('1164',	'TOMMY'	,'WARNER'	,'ONCOLOGY'	,'877-609-2281',	'58'        ),
('1165',	'JIMMY'	,'JOBS'	,'ONCOLOGY'	,'877-609-2282',	'59'          ),
('1166',	'TARZAN'	,'BROS'	,'ONCOLOGY'	,'877-609-2283',	'60'        ),
('1167',	'BENNY'	,'CAM'	,'ONCOLOGY'	,'877-609-2284',	'61'          ),
('1168',	'RAMMIE'	,'HEADS'	,'ONCOLOGY'	,'877-609-2285',	'62'      ),
('1169',	'MICKEY'	,'POTTER'	,'ONCOLOGY'	,'877-609-2286',	'63'      ),
('1170',	'JOHNNATHAN',	'JACKY'	,'CARDIOLOGY'	,'877-609-2287',	'64'  ),
('1171',	'RENNY',	'GRAMMY'	,'CARDIOLOGY'	,'877-609-2288',	'65'    ),
('1172',	'JOHNNY'	,'HAR'	,'CARDIOLOGY'	,'877-609-2289',	'66'      ),
('1173',	'TOMMY'	,'CHARLES'	,'CARDIOLOGY'	,'877-609-2290',	'67'    ),
('1174',	'TARZAN'	,'ION'	,'CARDIOLOGY'	,'877-609-2291',	'68'      ),
('1175',	'BENNY'	,'DAMN'	,'CARDIOLOGY'	,'877-609-2292',	'69'        );

DROP TABLE IF EXISTS PATIENT;

CREATE TABLE PATIENT (
PATIENT_ID INT NOT NULL UNIQUE ,
F_NAME CHAR(30) NOT NULL,
L_NAME CHAR(30) NOT NULL,
GENDER CHAR(12) NOT NULL,
AGE INT(3) NOT NULL,
ADDRESS VARCHAR(256) NOT NULL,
CONTACT VARCHAR(20) NOT NULL,
EMAIL_ID VARCHAR (100),
DOC_ID INT NOT NULL,
CONSTRAINT doc_pkey PRIMARY KEY (PATIENT_ID),
CONSTRAINT patient_doctor_fk FOREIGN KEY (DOC_ID) REFERENCES DOCTOR (DOC_ID)
);


INSERT INTO PATIENT
(PATIENT_ID,F_NAME,L_NAME,GENDER, AGE,ADDRESS,CONTACT,EMAIL_ID,DOC_ID)
VALUES
('11221','SIMON','TAYLOR','MALE','50','LONDON','877-609-2983','taylor @email.com','1101'),
('11222','ISAAC','NEWTON','MALE','30','CALIFORNIA','877-699-2984','newton @email.com','1106'),
('11223','ALBERT','EINSTIEN','MALE','60','TEXAS','887-609-2985','einstien@email.com','1101'),
('11224','MICHAEL','FARADEY','MALE','80','LONDON','877-689-2986','faradey@email.com','1106'),
('11225','MARIE','CURIE','FEMALE','30','CALIFORNIA','877-677-2987','curie@email.com','1112'),
('11226','ANNA','TAYLOR','FEMALE','35','TEXAS','977-659-2988','taylor@email.com','1101'),
('11227','EMILEY','MIKE','FEMALE','30','LONDON','847-609-2989','mike@email.com','1112'),
('11228','THOMAS','EDISON','MALE','40','CALIFORNIA','877-629-2990','edison@email.com','1101'),
('11229','CHARLES','DARWIN','MALE','44','TEXAS','807-640-2991','darwin@email.com','1111'),
('11230','STEPHEN','HAWKING','MALE','20','CALIFORNIA','877-909-2992','hawking@email.com','1101'),
('11231','RENAK','DARWIN','MALE','50','LONDON','877-609-2983','DARWIN@email.com',				   '1152'),
('11232','HENRY','STELLA','MALE','53','LONDON','877-609-2983','STELLA@email.com',				   '1153'),
('11233','RONNY','GRAMMY','MALE','53','LONDON','877-609-2983','GRAMMY@email.com',				   '1154'),
('11234','JACKY','CHARLE','MALE','53','LONDON','877-609-2983','CHARLE@email.com',				   '1155'),
('11235','GUILY','WARNER','MALE','53','LONDON','877-609-2983','WARNER@email.com',				   '1156'),
('11236','GRAND','BOBAGE','MALE','53','LONDON','877-609-2983','BOBAGE@email.com',				   '1157'),
('11237','JOBSS','MEGHAN','MALE','53','LONDON','877-609-2983','MEGHAN@email.com',				   '1158'),
('11238','BROSS','GRANDS','MALE','53','LONDON','877-609-2983','GRANDS@email.com',				   '1159'),
('11239','RENAK','JOHNNY','MALE','53','LONDON','877-609-2983','JOHNNY@email.com',				   '1160'),
('11240','GRAND','TARZAN','MALE','53','CHICAGO','877-609-2983','TARZAN@email.com',			   '1161'),
('11241','TIMMI','POTTER','MALE','53','CHICAGO','877-609-2983','POTTER@email.com',			   '1162'),
('11242','TOMMY','HACKEN','MALE','53','CHICAGO','877-609-2983','HACKEN@email.com',			   '1163'),
('11243','RENAK','JOHNNY','MALE','53','CHICAGO','877-609-2983','JOHNNY@email.com',			   '1164'),
('11244','HENRY','TARZAN','MALE','53','CHICAGO','877-609-2983','TARZAN@email.com',			   '1165'),
('11245','RONNY','POTTER','MALE','30','LONDON','877-609-2983','POTTER@email.com',          '1166'),
('11246','JACKY','HACKEN','MALE','30','LONDON','877-609-2983','HACKEN@email.com',          '1167'),
('11247','GUILY','GRAMMY','MALE','30','LONDON','877-609-2983','GRAMMY@email.com',          '1168'),
('11248','GRAND','CHARLE','MALE','30','LONDON','877-609-2983','CHARLE@email.com',          '1169'),
('11249','JOBSS','DARWIN','MALE','30','LONDON','877-609-2983','DARWIN@email.com',          '1170'),
('11250','BROSS','STELLA','MALE','57','LONDON','877-609-2983','STELLA@email.com',          '1171'),
('11251','RENAK','GRAMMY','MALE','57','LONDON','877-609-2983','GRAMMY@email.com',          '1172'),
('11252','GRAND','CHARLE','MALE','57','LONDON','877-609-2983','CHARLE@email.com',          '1173'),
('11253','JOHNS','WARNER','MALE','57','LONDON','877-609-2983','WARNER@email.com',          '1174'),
('11254','RONNY','HACKEN','MALE','50','LONDON','877-609-2983','HACKEN@email.com',          '1175'),
('11255','JACKY','JOHNNY','MALE','60','LONDON','877-609-2983','JOHNNY@email.com',          '1144'),
('11256','GRAND','GRANDS','MALE','60','LONDON','877-609-2983','GRANDS@email.com',          '1145'),
('11257','RENAK','MEGHAN','MALE','60','LONDON','877-609-2983','MEGHAN@email.com',          '1146'),
('11258','JOHNS','GRANDS','MALE','60','LONDON','877-609-2983','GRANDS@email.com',          '1147'),
('11259','DARWIN','HACKEN','FEMALE','70','CALIFORNIA','877-609-2983','STELLA@email.com',   '1116'),
('11260','STELLA','GRAMMY','FEMALE','70','CALIFORNIA','877-609-2983','GRAMMY@email.com',   '1117'),
('11261','GRAMMY','CHARLE','FEMALE','70','CALIFORNIA','877-609-2983','CHARLE@email.com',   '1118'),
('11262','CHARLE','DARWIN','FEMALE','70','CALIFORNIA','877-609-2983','WARNER@email.com',   '1119'),
('11263','WARNER','STELLA','FEMALE','70','CALIFORNIA','877-609-2983','BOBAGE@email.com',   '1120'),
('11264','BOBAGE','GRAMMY','FEMALE','59','CALIFORNIA','877-609-2983','MEGHAN@email.com',   '1121'),
('11265','MEGHAN','CHARLE','FEMALE','59','CALIFORNIA','877-609-2983','GRANDS@email.com',   '1122'),
('11266','GRANDS','WARNER','FEMALE','59','CALIFORNIA','877-609-2983','JOHNNY@email.com',   '1123'),
('11267','JOHNNY','HACKEN','FEMALE','59','CALIFORNIA','877-609-2983','TARZAN@email.com',   '1124'),
('11268','TARZAN','BROSS','MALE','10','TEXAS','877-609-2983','POTTER@email.com',				   '1134'),
('11269','POTTER','RENAK','MALE','10','TEXAS','877-609-2983','HACKEN@email.com',				   '1135'),
('11270','HACKEN','GRAND','MALE','10','TEXAS','877-609-2983','JOHNNY@email.com',				   '1136'),
('11271','JOHNNY','TIMMI','MALE','20','TEXAS','877-609-2983','TARZAN@email.com',				   '1137'),
('11272','TARZAN','TOMMY','MALE','20','TEXAS','877-609-2983','aylor @email.com',				   '1138'),
('11273','POTTER','RENAK','MALE','20','TEXAS','877-609-2983','taylor @email.com',				   '1139'),
('11274','HACKEN','TAYLOR','FEMALE','50','LONDON','877-609-2983','HACKENtaylor@email.com', '1142'),
('11275','GRAMMY','TAYLOR','FEMALE','50','LONDON','877-609-2983','GRAMMYtaylor@email.com', '1143'),
('11276','CHARLE','TAYLOR','FEMALE','50','LONDON','877-609-2983','CHARLEtaylor@email.com', '1144'),
('11277','DARWIN','TAYLOR','FEMALE','50','LONDON','877-609-2983','DARWINtaylor@email.com', '1145'),
('11278','STELLA','TAYLOR','FEMALE','50','LONDON','877-609-2983','STELLAtaylor@email.com', '1146'),
('11279','GRAMMY','TAYLOR','FEMALE','50','LONDON','877-609-2983','GRAMMYtaylor@email.com', '1147'),
('11280','CHARLE','TAYLOR','FEMALE','50','LONDON','877-609-2983','CHARLEtaylor@email.com', '1148'),
('11281','WARNER','TAYLOR','FEMALE','50','LONDON','877-609-2983','WARNERtaylor@email.com', '1149'),
('11282','HACKEN','TAYLOR','FEMALE','50','LONDON','877-609-2983','HACKENtaylor@email.com', '1150'),
('11283','JOHNNY','TAYLOR','FEMALE','50','LONDON','877-609-2983','JOHNNY_taylor@email.com','1101'),
('11284','GRANDS','TAYLOR','FEMALE','50','LONDON','877-609-2983','GRANDS_taylor@email.com','1101'),
('11285','MEGHAN','TAYLOR','FEMALE','50','LONDON','877-609-2983','MEGHAN_taylor@email.com','1101'),
('11286','GRANDS','TAYLOR','FEMALE','50','LONDON','877-609-2983','GRANDS_taylor@email.com','1101'),
('11287','QWERTY','TAYLOR','MALE','50','LONDON','877-609-2983','taylor1@email.com',        '1101'),
('11288','ZXCVBQ','TAYLOR','MALE','50','LONDON','877-609-2983','taylor2@email.com',        '1101'),
('11289','TARZAN','TAYLOR','MALE','50','LONDON','877-609-2983','taylor3@email.com',        '1101'),
('11290','MEGHAN','TAYLOR','MALE','50','LONDON','877-609-2983','taylor4@email.com',        '1101'),
('11291','SIMONA','TAYLOR','MALE','50','LONDON','877-609-2983','taylor5@email.com',        '1101');

DROP TABLE IF EXISTS DIAGNOSIS;

CREATE TABLE DIAGNOSIS (
DIAG_ID INT NOT NULL UNIQUE,
DIAG_DATE DATE NOT NULL,
  DOC_ID INT NOT NULL,
PATIENT_ID INT NOT NULL,
DIAG_TYPE VARCHAR(45) NULL,
  SEVERITY VARCHAR(10) NULL,
  TREATMENT VARCHAR(45) NULL,
  PRESC_DRUGS VARCHAR(45) NULL,
CONSTRAINT diag_pkey PRIMARY KEY (DIAG_ID),
CONSTRAINT diag_doc_fk FOREIGN KEY (DOC_ID) REFERENCES DOCTOR (DOC_ID),
CONSTRAINT diag_pat_fk FOREIGN KEY (PATIENT_ID) REFERENCES PATIENT (PATIENT_ID)
ON DELETE CASCADE 
);

INSERT INTO DIAGNOSIS 
(DIAG_ID ,DIAG_DATE, DOC_ID, PATIENT_ID, DIAG_TYPE, SEVERITY, TREATMENT, PRESC_DRUGS)
values ('2211', '2017/01/01', '1101', '11221','AGIOPLASTY', '1', 'CONSULTATION', 'ZZT YYYY'),
 ('2212', '2017/04/06', '1106', '11222','CATRACT', '3', 'SURGERY', 'XXXX YYYY'),
 ('2213', '2017/03/12', '1101', '11223','AGIOPLASTY', '1', 'CONSULTATION', 'ZZZ YYYY'),
 ('2214', '2016/06/04', '1106', '11224','EYE INFECTION', '1', 'CONSULTATION', 'XXXX QQQ , TUYHG SVCHN'),
 ('2215', '2017/03/09', '1112', '11225','STOMACH CANCER', '2', 'RADIOTHERAPHY', 'XXXX TTTT'),
 ('2216', '2017/12/11', '1101', '11226','AGIOPLASTY', '1', 'CONSULTATION', 'XXXX YYYY'),
 ('2217', '2016/03/10', '1112', '11227','BLOOD CANCER', '1', 'CONSULTATION', 'DDD YYYY'),
 ('2218', '2017/05/07', '1101', '11228','OPEN HEART', '4', 'SURGERY', 'XXXX YYYY'),
 ('2219', '2017/03/10', '1111', '11229','CATRACT', '3', 'SURGERY', 'XXXX EEEE'),
 ('2220', '2016/11/05', '1101', '11230','CHEST CONGESION', '2', 'CONSULTATION', 'XXXX YYYY'),
 ('2221', '2017/01/01', '1152', '11231','EYE INFECTION', '1', 'CONSULTATION', 'ZZT YYYY')   ,
('2222', '2017/01/01', '1153', '11232','EYE INFECTION', '1', 'CONSULTATION', 'ZZT YYYY')   ,
('2223', '2017/01/01', '1154', '11233','CATRACT', '1', 'CONSULTATION', 'ZZT YYYY')      ,
('2224', '2017/01/01', '1155', '11234','CATRACT', '1', 'CONSULTATION', 'ZZT YYYY')      ,
('2225', '2017/01/01', '1156', '11235','CATRACT', '3', 'SURGERY', 'ZZT YYYY')           ,
('2226', '2017/01/01', '1157', '11236','CATRACT', '3', 'SURGERY', 'QWE YYYY')           ,
('2227', '2017/01/01', '1158', '11237','CATRACT', '3', 'SURGERY', 'QWE YYYY')           ,
('2228', '2017/01/01', '1159', '11238','CATRACT', '3', 'SURGERY', 'QWE YYYY')           ,
('2229', '2007/01/01', '1160', '11239','BLOOD CANCER', '3', 'SURGERY', 'QWE YYYY')           ,
('2230', '2017/01/01', '1161', '11240','BLOOD CANCER', '3', 'SURGERY', 'QWE YYYY')           ,
('2231', '2017/01/01', '1162', '11241','BLOOD CANCER', '3', 'SURGERY', 'QWE YYYY')           ,
('2232', '2017/01/01', '1163', '11242','BLOOD CANCER', '3', 'SURGERY', 'QWE YYYY')           ,
('2233', '2017/01/01', '1164', '11243','BLOOD CANCER', '3', 'SURGERY', 'QWE YYYY')           ,
('2234', '2017/01/01', '1165', '11244','BLOOD CANCER', '3', 'SURGERY', 'QWE YYYY')           ,
('2235', '2017/01/07', '1166', '11245','BLOOD CANCER', '3', 'SURGERY', 'QWE YYYY')           ,
('2236', '2017/01/07', '1153', '11246','CATRACT', '3', 'SURGERY', 'QWE YYYY')           ,
('2237', '2017/09/07', '1154', '11247','CATRACT', '1', 'CONSULTATION', 'ZZT IYNJY')     ,
('2238', '2017/09/07', '1155', '11248','CATRACT', '1', 'CONSULTATION', 'ZZT IYNJY')     ,
('2239', '2017/09/07', '1144', '11249','CATRACT', '1', 'CONSULTATION', 'ZZT IYNJY')     ,
('2240', '2017/09/07', '1145', '11250','CATRACT', '1', 'CONSULTATION', 'ZZT IYNJY')     ,
('2241', '2017/09/07', '1146', '11251','CATRACT', '1', 'CONSULTATION', 'ZZT IYNJY')     ,
('2242', '2017/09/07', '1170', '11252','AGIOPLASTY', '4', 'SURGERY', 'ZZT ZZZY')        ,
('2243', '2017/09/07', '1171', '11253','AGIOPLASTY', '4', 'SURGERY', 'ZZT ZZZY')        ,
('2244', '2017/01/07', '1172', '11254','AGIOPLASTY', '4', 'SURGERY', 'ZZT ZZZY')        ,
('2245', '2017/01/07', '1173', '11255','AGIOPLASTY', '4', 'SURGERY', 'ZZT ZZZY')        ,
('2246', '2017/01/07', '1174', '11256','AGIOPLASTY', '4', 'SURGERY', 'ZZT ZZZY')        ,
('2247', '2017/01/07', '1175', '11257','AGIOPLASTY', '4', 'SURGERY', 'ZZT ZZZY')        ,
('2248', '2017/01/07', '1170', '11258','AGIOPLASTY', '4', 'SURGERY', 'ZZT ZZZY')        ,
('2249', '2017/02/07', '1171', '11259','AGIOPLASTY', '4', 'SURGERY', 'ZZT ZZZY')        ,
('2250', '2016/02/01', '1172', '11260','AGIOPLASTY', '4', 'SURGERY', 'ZZT ZZZY')        ,
('2251', '2016/02/01', '1173', '11261','AGIOPLASTY', '4', 'SURGERY', 'ZZT ZZZY')        ,
('2252', '2016/02/01', '1174', '11262','AGIOPLASTY', '4', 'SURGERY', 'ZZT ZZZY')        ,
('2253', '2016/02/01', '1175', '11233','AGIOPLASTY', '4', 'SURGERY', 'ZZT ZZZY')        ,
('2254', '2016/02/01', '1101', '11234','AGIOPLASTY', '1', 'CONSULTATION', 'ZZT YYYY')   ,
('2255', '2016/02/01', '1101', '11235','AGIOPLASTY', '1', 'CONSULTATION', 'ZZT YYYY')   ,
('2256', '2016/02/01', '1116', '11236','AGIOPLASTY', '2', 'CONSULTATION', 'ZZT YYYY')   ,
('2257', '2017/02/01', '1117', '11237','AGIOPLASTY', '2', 'CONSULTATION', 'ZZT YYYY')   ,
('2258', '2017/02/01', '1118', '11238','AGIOPLASTY', '2', 'CONSULTATION', 'ZZT YYYY')   ,
('2259', '2007/02/01', '1119', '11239','AGIOPLASTY', '2', 'CONSULTATION', 'ZZT YYYY')   ,
('2260', '2017/02/01', '1120', '11240','AGIOPLASTY', '2', 'CONSULTATION', 'ZZT YYYY')   ,
('2261', '2017/01/01', '1121', '11241','AGIOPLASTY', '2', 'CONSULTATION', 'ZZT YYYY')   ,
('2262', '2017/01/01', '1122', '11242','AGIOPLASTY', '2', 'CONSULTATION', 'ZZT YYYY')   ,
('2263', '2017/01/01', '1123', '11243','AGIOPLASTY', '2', 'CONSULTATION', 'ZZT YYYY')   ,
('2264', '2017/05/01', '1124', '11244','AGIOPLASTY', '2', 'CONSULTATION', 'ZZT YYYY')   ,
('2265', '2017/05/01', '1118', '11245','AGIOPLASTY', '2', 'CONSULTATION', 'ZZT YYYY')   ,
('2266', '2017/05/01', '1119', '11246','AGIOPLASTY', '2', 'CONSULTATION', 'ZZT YYYY')   ,
('2267', '2017/05/01', '1152', '11231','CATRACT', '2', 'CONSULTATION', 'ZZT YYYY')   ,
('2268', '2017/05/01', '1153', '11232','CATRACT', '2', 'CONSULTATION', 'ZZT YYYY')   ,
('2269', '2017/05/01', '1154', '11233','CATRACT', '2', 'CONSULTATION', 'ZZT YYYY')   ,
('2270', '2017/05/01', '1155', '11234','CATRACT', '1', 'CONSULTATION', 'ZZT YYYY')   ,
('2271', '2017/05/08', '1156', '11235','CATRACT', '1', 'CONSULTATION', 'ZZT YYYY')   ,
('2272', '2017/05/08', '1157', '11236','CATRACT', '1', 'CONSULTATION', 'ZZT YYYY')   ,
('2273', '2017/05/08', '1158', '11237','CATRACT', '1', 'CONSULTATION', 'ZZT YYYY')   ,
('2274', '2017/05/08', '1159', '11238','CATRACT', '2', 'CONSULTATION', 'ZZT YYYY')   ,
('2275', '2007/05/08', '1160', '11239','BLOOD CANCER', '2', 'CONSULTATION', 'ZZT YYYY')   ,
('2276', '2017/01/08', '1161', '11240','BLOOD CANCER', '2', 'CONSULTATION', 'ZZT YYYY')   ,
('2277', '2017/01/03', '1162', '11241','BLOOD CANCER', '2', 'CONSULTATION', 'ZZT YYYY')   ,
('2278', '2017/01/03', '1163', '11242','BLOOD CANCER', '2', 'CONSULTATION', 'ZZT YYYY')   ,
('2279', '2017/01/03', '1164', '11243','BLOOD CANCER', '2', 'CONSULTATION', 'ZZT YYYY')   ,
('2280', '2017/01/03', '1165', '11244','BLOOD CANCER', '2', 'CONSULTATION', 'ZZT YYYY')   ,
('2281', '2017/01/03', '1166', '11245','BLOOD CANCER', '2', 'CONSULTATION', 'ZZT YYYY');

DROP TABLE IF EXISTS DEPARTMENT;

CREATE TABLE DEPARTMENT (
  DEPT_ID INT NOT NULL UNIQUE ,
  DEPT_NAME VARCHAR(45) NOT NULL,
  CONSTRAINT dept_pkey PRIMARY KEY (DEPT_ID));

INSERT INTO DEPARTMENT (
DEPT_ID ,DEPT_NAME)
values ('1', 'ONCOLOGY'),
('2', 'OPTHAMOLOGY'),
('3', 'CARDIOLOGY');

DROP TABLE IF EXISTS BILL;

CREATE TABLE BILL(
 BILL_ID INT NOT NULL UNIQUE ,
 BILL_DATE DATE NOT NULL,
  PATIENT_ID INT NOT NULL,
  PATIENT_NM VARCHAR(200) NOT NULL,
  DIAG_ID INT NOT NULL ,
  AMOUNT INT NOT NULL,
  CONSTRAINT bill_pkey PRIMARY KEY (BILL_ID),
CONSTRAINT bill_pt_fk FOREIGN KEY (DIAG_ID) REFERENCES DIAGNOSIS (DIAG_ID),
CONSTRAINT bill_diag_fk FOREIGN KEY (PATIENT_ID) REFERENCES PATIENT (PATIENT_ID)
);


INSERT INTO BILL
(BILL_ID , BILL_DATE,PATIENT_ID, PATIENT_NM ,DIAG_ID, AMOUNT)
values ('3311', '2017/03/21', '11221', 'SIMON TAYLOR','2211', '1000'),
 ('3312', '2017/04/06',  '11222','ISAAC NEWTON','2212', '200'),
 ('3313', '2017/03/12', '11223','ALBERT EINSTIEN', '2213', '600'),
 ('3314', '2016/06/04', '11224', 'MICHAEL FARADEY', '2214', '800'),
 ('3315', '2017/03/09', '11225', 'MARIE CURIE', '2215', '550'),
 ('3316', '2017/12/11', '11226', 'ANNA TAYLOR', '2216', '120'),
 ('3317', '2016/03/10', '11227', 'EMILEY MIKE', '2217', '250'),
 ('3318', '2017/05/07', '11228', 'THOMAS EDISON', '2218', '100'),
 ('3319', '2017/03/10', '11229', 'CHARLES DARWIN', '2219', '390'),
 ('3320', '2016/11/05', '11230', 'STEPHEN HAWKING', '2220', '340'),
 ('3321', '2017/02/07', '11231','RENAK DARWIN', '2221', '1000'),
('3322', '2016/02/01', '11232','HENRY STELLA', '2222', '100'),
('3323', '2016/02/01', '11233','RONNY GRAMMY', '2223', '100'),
('3324', '2016/02/01', '11234','JACKY CHARLE', '2224', '100'),
('3325', '2016/02/01', '11235','GUILY WARNER', '2225', '100'),
('3326', '2016/02/01', '11236','GRAND BOBAGE', '2226', '100'),
('3327', '2016/02/01', '11237','JOBSS MEGHAN', '2227', '100'),
('3328', '2016/02/01', '11238','BROSS GRANDS', '2228', '100'),
('3329', '2007/02/01', '11239','RENAK JOHNNY', '2229', '100'),
('3330', '2017/02/01', '11240','GRAND TARZAN', '2230', '200'),
('3331', '2017/02/01', '11241','TIMMI POTTER', '2231', '200'),
('3332', '2017/02/01', '11242','TOMMY HACKEN', '2232', '200'),
('3333', '2017/01/01', '11243','RENAK JOHNNY', '2233', '200'),
('3334', '2017/01/01', '11244','HENRY TARZAN', '2234', '200'),
('3335', '2017/01/01', '11245','RONNY POTTER', '2235', '200'),
('3336', '2017/05/01', '11246','JACKY HACKEN', '2236', '200'),
('3337', '2017/05/01', '11247','GUILY GRAMMY', '2237', '200'),
('2238', '2017/05/01', '11248','GRAND CHARLE', '2238', '200'),
('2239', '2017/05/01', '11249','JOBSS DARWIN', '2239', '2000'),
('2240', '2017/05/01', '11250','BROSS STELLA', '2240', '120'),
('2241', '2017/05/01', '11251','RENAK GRAMMY', '2241', '120'),
('2242', '2017/05/01', '11252','GRAND CHARLE', '2242', '120'),
('2243', '2017/05/08', '11253','JOHNS WARNER', '2243', '120'),
('2244', '2017/05/08', '11254','RONNY HACKEN', '2244', '120'),
('2245', '2017/05/08', '11255','JACKY JOHNNY', '2245', '120'),
('2246', '2017/05/08', '11256','GRAND GRANDS', '2246', '120'),
('2247', '2017/05/08', '11257','RENAK MEGHAN', '2247', '120'),
('2248', '2017/01/08', '11258','JOHNS GRANDS', '2248', '1000'),
('2249', '2017/01/03', '11259','DARWIN HACKEN','2249', '200'),
('2250', '2017/01/03', '11260','STELLA GRAMMY','2250', '200'),
('2251', '2017/01/01', '11261','GRAMMY CHARLE','2251', '200'),
('2252', '2017/01/01', '11262','CHARLE DARWIN','2252', '200'),
('2253', '2017/01/01', '11233','WARNER STELLA','2253', '200'),
('2254', '2017/05/01', '11234','BOBAGE GRAMMY','2254', '200'),
('2255', '2017/05/01', '11235','MEGHAN CHARLE','2255', '200'),
('2256', '2017/05/01', '11236','GRANDS WARNER','2256', '1000'),
('2257', '2017/05/01', '11237','JOHNNY HACKEN','2257', '1000'),
('2258', '2017/05/01', '11238','TARZAN BROSS', '2258', '1000'),
('2259', '2007/05/01', '11239','POTTER RENAK', '2259', '1000'),
('2260', '2017/05/01', '11240','HACKEN GRAND', '2260', '1000'),
('2261', '2017/05/08', '11241','JOHNNY TIMMI', '2261', '1000'),
('2262', '2017/05/08', '11242','TARZAN TOMMY', '2262', '1000'),
('2263', '2017/05/08', '11243','POTTER RENAK', '2263', '1000'),
('2264', '2017/05/08', '11244','HACKEN TAYLOR','2264', '1000'),
('2265', '2017/05/08', '11245','GRAMMY TAYLOR','2265', '1000'),
('2266', '2017/01/08', '11246','CHARLE TAYLOR','2266', '1000'),
('2267', '2017/01/01', '11231','RENAK DARWIN','2267', '1000'),
('2268', '2017/01/01', '11232','HENRY STELLA','2268', '1000'),
('2269', '2017/01/01', '11233','RONNY GRAMMY','2269', '1000'),
('2270', '2017/01/01', '11234','JACKY CHARLE','2270', '1000'),
('2271', '2017/01/01', '11235','GUILY WARNER','2271', '1000'),
('2272', '2017/01/01', '11236','GRAND BOBAGE','2272', '1000'),
('2273', '2017/01/01', '11237','JOBSS MEGHAN','2273', '1000'),
('2274', '2017/01/01', '11238','BROSS GRANDS','2274', '1000'),
('2275', '2007/01/01', '11239','RENAK JOHNNY','2275', '1000'),
('2276', '2017/01/07', '11240','GRAND TARZAN','2276', '1000');